{"loss": -11.075730323791504, "_timestamp": 1725908486.7483, "_runtime": 12.630522966384888, "_step": 999, "_wandb": {"runtime": 12}}